iter	Logloss
0	0.6372503362
1	0.5912941561
2	0.5529329424
3	0.5213359571
4	0.4942043571
5	0.4710835867
6	0.4513275501
7	0.4346470795
8	0.4204563417
9	0.407454629
